column_name,role,required_for
ID,participant identifier,all analyses
Age,prediction target,all analyses
sex,audit or nuisance predictor,sex audit and nuisance sensitivity
eTIV,nuisance predictor,sex plus eTIV sensitivity
wholebrain_volume,WholeBrain volume predictor,prespecified structural feature sets
wholebrain_area,WholeBrain area predictor,prespecified structural feature sets
wholebrain_thickness,WholeBrain thickness predictor,prespecified structural feature sets
wholebrain_curvature,WholeBrain curvature predictor,prespecified structural feature sets
wholebrain_FD,WholeBrain FD predictor,prespecified structural feature sets
lh_hemisphere_volume,Hemisphere volume predictor,prespecified structural feature sets
lh_hemisphere_area,Hemisphere area predictor,prespecified structural feature sets
lh_hemisphere_thickness,Hemisphere thickness predictor,prespecified structural feature sets
lh_hemisphere_curvature,Hemisphere curvature predictor,prespecified structural feature sets
lh_hemisphere_FD,Hemisphere FD predictor,prespecified structural feature sets
rh_hemisphere_volume,Hemisphere volume predictor,prespecified structural feature sets
rh_hemisphere_area,Hemisphere area predictor,prespecified structural feature sets
rh_hemisphere_thickness,Hemisphere thickness predictor,prespecified structural feature sets
rh_hemisphere_curvature,Hemisphere curvature predictor,prespecified structural feature sets
rh_hemisphere_FD,Hemisphere FD predictor,prespecified structural feature sets
bilateral_Frontal_volume,Lobe volume predictor,prespecified structural feature sets
bilateral_Frontal_area,Lobe area predictor,prespecified structural feature sets
bilateral_Frontal_thickness,Lobe thickness predictor,prespecified structural feature sets
bilateral_Frontal_curvature,Lobe curvature predictor,prespecified structural feature sets
bilateral_Frontal_FD,Lobe FD predictor,prespecified structural feature sets
bilateral_Parietal_volume,Lobe volume predictor,prespecified structural feature sets
bilateral_Parietal_area,Lobe area predictor,prespecified structural feature sets
bilateral_Parietal_thickness,Lobe thickness predictor,prespecified structural feature sets
bilateral_Parietal_curvature,Lobe curvature predictor,prespecified structural feature sets
bilateral_Parietal_FD,Lobe FD predictor,prespecified structural feature sets
bilateral_Temporal_volume,Lobe volume predictor,prespecified structural feature sets
bilateral_Temporal_area,Lobe area predictor,prespecified structural feature sets
bilateral_Temporal_thickness,Lobe thickness predictor,prespecified structural feature sets
bilateral_Temporal_curvature,Lobe curvature predictor,prespecified structural feature sets
bilateral_Temporal_FD,Lobe FD predictor,prespecified structural feature sets
bilateral_Occipital_volume,Lobe volume predictor,prespecified structural feature sets
bilateral_Occipital_area,Lobe area predictor,prespecified structural feature sets
bilateral_Occipital_thickness,Lobe thickness predictor,prespecified structural feature sets
bilateral_Occipital_curvature,Lobe curvature predictor,prespecified structural feature sets
bilateral_Occipital_FD,Lobe FD predictor,prespecified structural feature sets
bilateral_Cingulate_volume,Lobe volume predictor,prespecified structural feature sets
bilateral_Cingulate_area,Lobe area predictor,prespecified structural feature sets
bilateral_Cingulate_thickness,Lobe thickness predictor,prespecified structural feature sets
bilateral_Cingulate_curvature,Lobe curvature predictor,prespecified structural feature sets
bilateral_Cingulate_FD,Lobe FD predictor,prespecified structural feature sets
bilateral_Insula_volume,Lobe volume predictor,prespecified structural feature sets
bilateral_Insula_area,Lobe area predictor,prespecified structural feature sets
bilateral_Insula_thickness,Lobe thickness predictor,prespecified structural feature sets
bilateral_Insula_curvature,Lobe curvature predictor,prespecified structural feature sets
bilateral_Insula_FD,Lobe FD predictor,prespecified structural feature sets
lh_bankssts_volume,ROI volume predictor,prespecified structural feature sets
lh_caudalanteriorcingulate_volume,ROI volume predictor,prespecified structural feature sets
lh_caudalmiddlefrontal_volume,ROI volume predictor,prespecified structural feature sets
lh_cuneus_volume,ROI volume predictor,prespecified structural feature sets
lh_entorhinal_volume,ROI volume predictor,prespecified structural feature sets
lh_fusiform_volume,ROI volume predictor,prespecified structural feature sets
lh_inferiorparietal_volume,ROI volume predictor,prespecified structural feature sets
lh_inferiortemporal_volume,ROI volume predictor,prespecified structural feature sets
lh_isthmuscingulate_volume,ROI volume predictor,prespecified structural feature sets
lh_lateraloccipital_volume,ROI volume predictor,prespecified structural feature sets
lh_lateralorbitofrontal_volume,ROI volume predictor,prespecified structural feature sets
lh_lingual_volume,ROI volume predictor,prespecified structural feature sets
lh_medialorbitofrontal_volume,ROI volume predictor,prespecified structural feature sets
lh_middletemporal_volume,ROI volume predictor,prespecified structural feature sets
lh_parahippocampal_volume,ROI volume predictor,prespecified structural feature sets
lh_paracentral_volume,ROI volume predictor,prespecified structural feature sets
lh_parsopercularis_volume,ROI volume predictor,prespecified structural feature sets
lh_parsorbitalis_volume,ROI volume predictor,prespecified structural feature sets
lh_parstriangularis_volume,ROI volume predictor,prespecified structural feature sets
lh_pericalcarine_volume,ROI volume predictor,prespecified structural feature sets
lh_postcentral_volume,ROI volume predictor,prespecified structural feature sets
lh_posteriorcingulate_volume,ROI volume predictor,prespecified structural feature sets
lh_precentral_volume,ROI volume predictor,prespecified structural feature sets
lh_precuneus_volume,ROI volume predictor,prespecified structural feature sets
lh_rostralanteriorcingulate_volume,ROI volume predictor,prespecified structural feature sets
lh_rostralmiddlefrontal_volume,ROI volume predictor,prespecified structural feature sets
lh_superiorfrontal_volume,ROI volume predictor,prespecified structural feature sets
lh_superiorparietal_volume,ROI volume predictor,prespecified structural feature sets
lh_superiortemporal_volume,ROI volume predictor,prespecified structural feature sets
lh_supramarginal_volume,ROI volume predictor,prespecified structural feature sets
lh_frontalpole_volume,ROI volume predictor,prespecified structural feature sets
lh_temporalpole_volume,ROI volume predictor,prespecified structural feature sets
lh_transversetemporal_volume,ROI volume predictor,prespecified structural feature sets
lh_insula_volume,ROI volume predictor,prespecified structural feature sets
rh_bankssts_volume,ROI volume predictor,prespecified structural feature sets
rh_caudalanteriorcingulate_volume,ROI volume predictor,prespecified structural feature sets
rh_caudalmiddlefrontal_volume,ROI volume predictor,prespecified structural feature sets
rh_cuneus_volume,ROI volume predictor,prespecified structural feature sets
rh_entorhinal_volume,ROI volume predictor,prespecified structural feature sets
rh_fusiform_volume,ROI volume predictor,prespecified structural feature sets
rh_inferiorparietal_volume,ROI volume predictor,prespecified structural feature sets
rh_inferiortemporal_volume,ROI volume predictor,prespecified structural feature sets
rh_isthmuscingulate_volume,ROI volume predictor,prespecified structural feature sets
rh_lateraloccipital_volume,ROI volume predictor,prespecified structural feature sets
rh_lateralorbitofrontal_volume,ROI volume predictor,prespecified structural feature sets
rh_lingual_volume,ROI volume predictor,prespecified structural feature sets
rh_medialorbitofrontal_volume,ROI volume predictor,prespecified structural feature sets
rh_middletemporal_volume,ROI volume predictor,prespecified structural feature sets
rh_parahippocampal_volume,ROI volume predictor,prespecified structural feature sets
rh_paracentral_volume,ROI volume predictor,prespecified structural feature sets
rh_parsopercularis_volume,ROI volume predictor,prespecified structural feature sets
rh_parsorbitalis_volume,ROI volume predictor,prespecified structural feature sets
rh_parstriangularis_volume,ROI volume predictor,prespecified structural feature sets
rh_pericalcarine_volume,ROI volume predictor,prespecified structural feature sets
rh_postcentral_volume,ROI volume predictor,prespecified structural feature sets
rh_posteriorcingulate_volume,ROI volume predictor,prespecified structural feature sets
rh_precentral_volume,ROI volume predictor,prespecified structural feature sets
rh_precuneus_volume,ROI volume predictor,prespecified structural feature sets
rh_rostralanteriorcingulate_volume,ROI volume predictor,prespecified structural feature sets
rh_rostralmiddlefrontal_volume,ROI volume predictor,prespecified structural feature sets
rh_superiorfrontal_volume,ROI volume predictor,prespecified structural feature sets
rh_superiorparietal_volume,ROI volume predictor,prespecified structural feature sets
rh_superiortemporal_volume,ROI volume predictor,prespecified structural feature sets
rh_supramarginal_volume,ROI volume predictor,prespecified structural feature sets
rh_frontalpole_volume,ROI volume predictor,prespecified structural feature sets
rh_temporalpole_volume,ROI volume predictor,prespecified structural feature sets
rh_transversetemporal_volume,ROI volume predictor,prespecified structural feature sets
rh_insula_volume,ROI volume predictor,prespecified structural feature sets
lh_bankssts_area,ROI area predictor,prespecified structural feature sets
lh_caudalanteriorcingulate_area,ROI area predictor,prespecified structural feature sets
lh_caudalmiddlefrontal_area,ROI area predictor,prespecified structural feature sets
lh_cuneus_area,ROI area predictor,prespecified structural feature sets
lh_entorhinal_area,ROI area predictor,prespecified structural feature sets
lh_fusiform_area,ROI area predictor,prespecified structural feature sets
lh_inferiorparietal_area,ROI area predictor,prespecified structural feature sets
lh_inferiortemporal_area,ROI area predictor,prespecified structural feature sets
lh_isthmuscingulate_area,ROI area predictor,prespecified structural feature sets
lh_lateraloccipital_area,ROI area predictor,prespecified structural feature sets
lh_lateralorbitofrontal_area,ROI area predictor,prespecified structural feature sets
lh_lingual_area,ROI area predictor,prespecified structural feature sets
lh_medialorbitofrontal_area,ROI area predictor,prespecified structural feature sets
lh_middletemporal_area,ROI area predictor,prespecified structural feature sets
lh_parahippocampal_area,ROI area predictor,prespecified structural feature sets
lh_paracentral_area,ROI area predictor,prespecified structural feature sets
lh_parsopercularis_area,ROI area predictor,prespecified structural feature sets
lh_parsorbitalis_area,ROI area predictor,prespecified structural feature sets
lh_parstriangularis_area,ROI area predictor,prespecified structural feature sets
lh_pericalcarine_area,ROI area predictor,prespecified structural feature sets
lh_postcentral_area,ROI area predictor,prespecified structural feature sets
lh_posteriorcingulate_area,ROI area predictor,prespecified structural feature sets
lh_precentral_area,ROI area predictor,prespecified structural feature sets
lh_precuneus_area,ROI area predictor,prespecified structural feature sets
lh_rostralanteriorcingulate_area,ROI area predictor,prespecified structural feature sets
lh_rostralmiddlefrontal_area,ROI area predictor,prespecified structural feature sets
lh_superiorfrontal_area,ROI area predictor,prespecified structural feature sets
lh_superiorparietal_area,ROI area predictor,prespecified structural feature sets
lh_superiortemporal_area,ROI area predictor,prespecified structural feature sets
lh_supramarginal_area,ROI area predictor,prespecified structural feature sets
lh_frontalpole_area,ROI area predictor,prespecified structural feature sets
lh_temporalpole_area,ROI area predictor,prespecified structural feature sets
lh_transversetemporal_area,ROI area predictor,prespecified structural feature sets
lh_insula_area,ROI area predictor,prespecified structural feature sets
rh_bankssts_area,ROI area predictor,prespecified structural feature sets
rh_caudalanteriorcingulate_area,ROI area predictor,prespecified structural feature sets
rh_caudalmiddlefrontal_area,ROI area predictor,prespecified structural feature sets
rh_cuneus_area,ROI area predictor,prespecified structural feature sets
rh_entorhinal_area,ROI area predictor,prespecified structural feature sets
rh_fusiform_area,ROI area predictor,prespecified structural feature sets
rh_inferiorparietal_area,ROI area predictor,prespecified structural feature sets
rh_inferiortemporal_area,ROI area predictor,prespecified structural feature sets
rh_isthmuscingulate_area,ROI area predictor,prespecified structural feature sets
rh_lateraloccipital_area,ROI area predictor,prespecified structural feature sets
rh_lateralorbitofrontal_area,ROI area predictor,prespecified structural feature sets
rh_lingual_area,ROI area predictor,prespecified structural feature sets
rh_medialorbitofrontal_area,ROI area predictor,prespecified structural feature sets
rh_middletemporal_area,ROI area predictor,prespecified structural feature sets
rh_parahippocampal_area,ROI area predictor,prespecified structural feature sets
rh_paracentral_area,ROI area predictor,prespecified structural feature sets
rh_parsopercularis_area,ROI area predictor,prespecified structural feature sets
rh_parsorbitalis_area,ROI area predictor,prespecified structural feature sets
rh_parstriangularis_area,ROI area predictor,prespecified structural feature sets
rh_pericalcarine_area,ROI area predictor,prespecified structural feature sets
rh_postcentral_area,ROI area predictor,prespecified structural feature sets
rh_posteriorcingulate_area,ROI area predictor,prespecified structural feature sets
rh_precentral_area,ROI area predictor,prespecified structural feature sets
rh_precuneus_area,ROI area predictor,prespecified structural feature sets
rh_rostralanteriorcingulate_area,ROI area predictor,prespecified structural feature sets
rh_rostralmiddlefrontal_area,ROI area predictor,prespecified structural feature sets
rh_superiorfrontal_area,ROI area predictor,prespecified structural feature sets
rh_superiorparietal_area,ROI area predictor,prespecified structural feature sets
rh_superiortemporal_area,ROI area predictor,prespecified structural feature sets
rh_supramarginal_area,ROI area predictor,prespecified structural feature sets
rh_frontalpole_area,ROI area predictor,prespecified structural feature sets
rh_temporalpole_area,ROI area predictor,prespecified structural feature sets
rh_transversetemporal_area,ROI area predictor,prespecified structural feature sets
rh_insula_area,ROI area predictor,prespecified structural feature sets
lh_bankssts_thickness,ROI thickness predictor,prespecified structural feature sets
lh_caudalanteriorcingulate_thickness,ROI thickness predictor,prespecified structural feature sets
lh_caudalmiddlefrontal_thickness,ROI thickness predictor,prespecified structural feature sets
lh_cuneus_thickness,ROI thickness predictor,prespecified structural feature sets
lh_entorhinal_thickness,ROI thickness predictor,prespecified structural feature sets
lh_fusiform_thickness,ROI thickness predictor,prespecified structural feature sets
lh_inferiorparietal_thickness,ROI thickness predictor,prespecified structural feature sets
lh_inferiortemporal_thickness,ROI thickness predictor,prespecified structural feature sets
lh_isthmuscingulate_thickness,ROI thickness predictor,prespecified structural feature sets
lh_lateraloccipital_thickness,ROI thickness predictor,prespecified structural feature sets
lh_lateralorbitofrontal_thickness,ROI thickness predictor,prespecified structural feature sets
lh_lingual_thickness,ROI thickness predictor,prespecified structural feature sets
lh_medialorbitofrontal_thickness,ROI thickness predictor,prespecified structural feature sets
lh_middletemporal_thickness,ROI thickness predictor,prespecified structural feature sets
lh_parahippocampal_thickness,ROI thickness predictor,prespecified structural feature sets
lh_paracentral_thickness,ROI thickness predictor,prespecified structural feature sets
lh_parsopercularis_thickness,ROI thickness predictor,prespecified structural feature sets
lh_parsorbitalis_thickness,ROI thickness predictor,prespecified structural feature sets
lh_parstriangularis_thickness,ROI thickness predictor,prespecified structural feature sets
lh_pericalcarine_thickness,ROI thickness predictor,prespecified structural feature sets
lh_postcentral_thickness,ROI thickness predictor,prespecified structural feature sets
lh_posteriorcingulate_thickness,ROI thickness predictor,prespecified structural feature sets
lh_precentral_thickness,ROI thickness predictor,prespecified structural feature sets
lh_precuneus_thickness,ROI thickness predictor,prespecified structural feature sets
lh_rostralanteriorcingulate_thickness,ROI thickness predictor,prespecified structural feature sets
lh_rostralmiddlefrontal_thickness,ROI thickness predictor,prespecified structural feature sets
lh_superiorfrontal_thickness,ROI thickness predictor,prespecified structural feature sets
lh_superiorparietal_thickness,ROI thickness predictor,prespecified structural feature sets
lh_superiortemporal_thickness,ROI thickness predictor,prespecified structural feature sets
lh_supramarginal_thickness,ROI thickness predictor,prespecified structural feature sets
lh_frontalpole_thickness,ROI thickness predictor,prespecified structural feature sets
lh_temporalpole_thickness,ROI thickness predictor,prespecified structural feature sets
lh_transversetemporal_thickness,ROI thickness predictor,prespecified structural feature sets
lh_insula_thickness,ROI thickness predictor,prespecified structural feature sets
rh_bankssts_thickness,ROI thickness predictor,prespecified structural feature sets
rh_caudalanteriorcingulate_thickness,ROI thickness predictor,prespecified structural feature sets
rh_caudalmiddlefrontal_thickness,ROI thickness predictor,prespecified structural feature sets
rh_cuneus_thickness,ROI thickness predictor,prespecified structural feature sets
rh_entorhinal_thickness,ROI thickness predictor,prespecified structural feature sets
rh_fusiform_thickness,ROI thickness predictor,prespecified structural feature sets
rh_inferiorparietal_thickness,ROI thickness predictor,prespecified structural feature sets
rh_inferiortemporal_thickness,ROI thickness predictor,prespecified structural feature sets
rh_isthmuscingulate_thickness,ROI thickness predictor,prespecified structural feature sets
rh_lateraloccipital_thickness,ROI thickness predictor,prespecified structural feature sets
rh_lateralorbitofrontal_thickness,ROI thickness predictor,prespecified structural feature sets
rh_lingual_thickness,ROI thickness predictor,prespecified structural feature sets
rh_medialorbitofrontal_thickness,ROI thickness predictor,prespecified structural feature sets
rh_middletemporal_thickness,ROI thickness predictor,prespecified structural feature sets
rh_parahippocampal_thickness,ROI thickness predictor,prespecified structural feature sets
rh_paracentral_thickness,ROI thickness predictor,prespecified structural feature sets
rh_parsopercularis_thickness,ROI thickness predictor,prespecified structural feature sets
rh_parsorbitalis_thickness,ROI thickness predictor,prespecified structural feature sets
rh_parstriangularis_thickness,ROI thickness predictor,prespecified structural feature sets
rh_pericalcarine_thickness,ROI thickness predictor,prespecified structural feature sets
rh_postcentral_thickness,ROI thickness predictor,prespecified structural feature sets
rh_posteriorcingulate_thickness,ROI thickness predictor,prespecified structural feature sets
rh_precentral_thickness,ROI thickness predictor,prespecified structural feature sets
rh_precuneus_thickness,ROI thickness predictor,prespecified structural feature sets
rh_rostralanteriorcingulate_thickness,ROI thickness predictor,prespecified structural feature sets
rh_rostralmiddlefrontal_thickness,ROI thickness predictor,prespecified structural feature sets
rh_superiorfrontal_thickness,ROI thickness predictor,prespecified structural feature sets
rh_superiorparietal_thickness,ROI thickness predictor,prespecified structural feature sets
rh_superiortemporal_thickness,ROI thickness predictor,prespecified structural feature sets
rh_supramarginal_thickness,ROI thickness predictor,prespecified structural feature sets
rh_frontalpole_thickness,ROI thickness predictor,prespecified structural feature sets
rh_temporalpole_thickness,ROI thickness predictor,prespecified structural feature sets
rh_transversetemporal_thickness,ROI thickness predictor,prespecified structural feature sets
rh_insula_thickness,ROI thickness predictor,prespecified structural feature sets
lh_bankssts_curvature,ROI curvature predictor,prespecified structural feature sets
lh_caudalanteriorcingulate_curvature,ROI curvature predictor,prespecified structural feature sets
lh_caudalmiddlefrontal_curvature,ROI curvature predictor,prespecified structural feature sets
lh_cuneus_curvature,ROI curvature predictor,prespecified structural feature sets
lh_entorhinal_curvature,ROI curvature predictor,prespecified structural feature sets
lh_fusiform_curvature,ROI curvature predictor,prespecified structural feature sets
lh_inferiorparietal_curvature,ROI curvature predictor,prespecified structural feature sets
lh_inferiortemporal_curvature,ROI curvature predictor,prespecified structural feature sets
lh_isthmuscingulate_curvature,ROI curvature predictor,prespecified structural feature sets
lh_lateraloccipital_curvature,ROI curvature predictor,prespecified structural feature sets
lh_lateralorbitofrontal_curvature,ROI curvature predictor,prespecified structural feature sets
lh_lingual_curvature,ROI curvature predictor,prespecified structural feature sets
lh_medialorbitofrontal_curvature,ROI curvature predictor,prespecified structural feature sets
lh_middletemporal_curvature,ROI curvature predictor,prespecified structural feature sets
lh_parahippocampal_curvature,ROI curvature predictor,prespecified structural feature sets
lh_paracentral_curvature,ROI curvature predictor,prespecified structural feature sets
lh_parsopercularis_curvature,ROI curvature predictor,prespecified structural feature sets
lh_parsorbitalis_curvature,ROI curvature predictor,prespecified structural feature sets
lh_parstriangularis_curvature,ROI curvature predictor,prespecified structural feature sets
lh_pericalcarine_curvature,ROI curvature predictor,prespecified structural feature sets
lh_postcentral_curvature,ROI curvature predictor,prespecified structural feature sets
lh_posteriorcingulate_curvature,ROI curvature predictor,prespecified structural feature sets
lh_precentral_curvature,ROI curvature predictor,prespecified structural feature sets
lh_precuneus_curvature,ROI curvature predictor,prespecified structural feature sets
lh_rostralanteriorcingulate_curvature,ROI curvature predictor,prespecified structural feature sets
lh_rostralmiddlefrontal_curvature,ROI curvature predictor,prespecified structural feature sets
lh_superiorfrontal_curvature,ROI curvature predictor,prespecified structural feature sets
lh_superiorparietal_curvature,ROI curvature predictor,prespecified structural feature sets
lh_superiortemporal_curvature,ROI curvature predictor,prespecified structural feature sets
lh_supramarginal_curvature,ROI curvature predictor,prespecified structural feature sets
lh_frontalpole_curvature,ROI curvature predictor,prespecified structural feature sets
lh_temporalpole_curvature,ROI curvature predictor,prespecified structural feature sets
lh_transversetemporal_curvature,ROI curvature predictor,prespecified structural feature sets
lh_insula_curvature,ROI curvature predictor,prespecified structural feature sets
rh_bankssts_curvature,ROI curvature predictor,prespecified structural feature sets
rh_caudalanteriorcingulate_curvature,ROI curvature predictor,prespecified structural feature sets
rh_caudalmiddlefrontal_curvature,ROI curvature predictor,prespecified structural feature sets
rh_cuneus_curvature,ROI curvature predictor,prespecified structural feature sets
rh_entorhinal_curvature,ROI curvature predictor,prespecified structural feature sets
rh_fusiform_curvature,ROI curvature predictor,prespecified structural feature sets
rh_inferiorparietal_curvature,ROI curvature predictor,prespecified structural feature sets
rh_inferiortemporal_curvature,ROI curvature predictor,prespecified structural feature sets
rh_isthmuscingulate_curvature,ROI curvature predictor,prespecified structural feature sets
rh_lateraloccipital_curvature,ROI curvature predictor,prespecified structural feature sets
rh_lateralorbitofrontal_curvature,ROI curvature predictor,prespecified structural feature sets
rh_lingual_curvature,ROI curvature predictor,prespecified structural feature sets
rh_medialorbitofrontal_curvature,ROI curvature predictor,prespecified structural feature sets
rh_middletemporal_curvature,ROI curvature predictor,prespecified structural feature sets
rh_parahippocampal_curvature,ROI curvature predictor,prespecified structural feature sets
rh_paracentral_curvature,ROI curvature predictor,prespecified structural feature sets
rh_parsopercularis_curvature,ROI curvature predictor,prespecified structural feature sets
rh_parsorbitalis_curvature,ROI curvature predictor,prespecified structural feature sets
rh_parstriangularis_curvature,ROI curvature predictor,prespecified structural feature sets
rh_pericalcarine_curvature,ROI curvature predictor,prespecified structural feature sets
rh_postcentral_curvature,ROI curvature predictor,prespecified structural feature sets
rh_posteriorcingulate_curvature,ROI curvature predictor,prespecified structural feature sets
rh_precentral_curvature,ROI curvature predictor,prespecified structural feature sets
rh_precuneus_curvature,ROI curvature predictor,prespecified structural feature sets
rh_rostralanteriorcingulate_curvature,ROI curvature predictor,prespecified structural feature sets
rh_rostralmiddlefrontal_curvature,ROI curvature predictor,prespecified structural feature sets
rh_superiorfrontal_curvature,ROI curvature predictor,prespecified structural feature sets
rh_superiorparietal_curvature,ROI curvature predictor,prespecified structural feature sets
rh_superiortemporal_curvature,ROI curvature predictor,prespecified structural feature sets
rh_supramarginal_curvature,ROI curvature predictor,prespecified structural feature sets
rh_frontalpole_curvature,ROI curvature predictor,prespecified structural feature sets
rh_temporalpole_curvature,ROI curvature predictor,prespecified structural feature sets
rh_transversetemporal_curvature,ROI curvature predictor,prespecified structural feature sets
rh_insula_curvature,ROI curvature predictor,prespecified structural feature sets
lh_bankssts_FD,ROI FD predictor,prespecified structural feature sets
lh_caudalanteriorcingulate_FD,ROI FD predictor,prespecified structural feature sets
lh_caudalmiddlefrontal_FD,ROI FD predictor,prespecified structural feature sets
lh_cuneus_FD,ROI FD predictor,prespecified structural feature sets
lh_entorhinal_FD,ROI FD predictor,prespecified structural feature sets
lh_fusiform_FD,ROI FD predictor,prespecified structural feature sets
lh_inferiorparietal_FD,ROI FD predictor,prespecified structural feature sets
lh_inferiortemporal_FD,ROI FD predictor,prespecified structural feature sets
lh_isthmuscingulate_FD,ROI FD predictor,prespecified structural feature sets
lh_lateraloccipital_FD,ROI FD predictor,prespecified structural feature sets
lh_lateralorbitofrontal_FD,ROI FD predictor,prespecified structural feature sets
lh_lingual_FD,ROI FD predictor,prespecified structural feature sets
lh_medialorbitofrontal_FD,ROI FD predictor,prespecified structural feature sets
lh_middletemporal_FD,ROI FD predictor,prespecified structural feature sets
lh_parahippocampal_FD,ROI FD predictor,prespecified structural feature sets
lh_paracentral_FD,ROI FD predictor,prespecified structural feature sets
lh_parsopercularis_FD,ROI FD predictor,prespecified structural feature sets
lh_parsorbitalis_FD,ROI FD predictor,prespecified structural feature sets
lh_parstriangularis_FD,ROI FD predictor,prespecified structural feature sets
lh_pericalcarine_FD,ROI FD predictor,prespecified structural feature sets
lh_postcentral_FD,ROI FD predictor,prespecified structural feature sets
lh_posteriorcingulate_FD,ROI FD predictor,prespecified structural feature sets
lh_precentral_FD,ROI FD predictor,prespecified structural feature sets
lh_precuneus_FD,ROI FD predictor,prespecified structural feature sets
lh_rostralanteriorcingulate_FD,ROI FD predictor,prespecified structural feature sets
lh_rostralmiddlefrontal_FD,ROI FD predictor,prespecified structural feature sets
lh_superiorfrontal_FD,ROI FD predictor,prespecified structural feature sets
lh_superiorparietal_FD,ROI FD predictor,prespecified structural feature sets
lh_superiortemporal_FD,ROI FD predictor,prespecified structural feature sets
lh_supramarginal_FD,ROI FD predictor,prespecified structural feature sets
lh_frontalpole_FD,ROI FD predictor,prespecified structural feature sets
lh_temporalpole_FD,ROI FD predictor,prespecified structural feature sets
lh_transversetemporal_FD,ROI FD predictor,prespecified structural feature sets
lh_insula_FD,ROI FD predictor,prespecified structural feature sets
rh_bankssts_FD,ROI FD predictor,prespecified structural feature sets
rh_caudalanteriorcingulate_FD,ROI FD predictor,prespecified structural feature sets
rh_caudalmiddlefrontal_FD,ROI FD predictor,prespecified structural feature sets
rh_cuneus_FD,ROI FD predictor,prespecified structural feature sets
rh_entorhinal_FD,ROI FD predictor,prespecified structural feature sets
rh_fusiform_FD,ROI FD predictor,prespecified structural feature sets
rh_inferiorparietal_FD,ROI FD predictor,prespecified structural feature sets
rh_inferiortemporal_FD,ROI FD predictor,prespecified structural feature sets
rh_isthmuscingulate_FD,ROI FD predictor,prespecified structural feature sets
rh_lateraloccipital_FD,ROI FD predictor,prespecified structural feature sets
rh_lateralorbitofrontal_FD,ROI FD predictor,prespecified structural feature sets
rh_lingual_FD,ROI FD predictor,prespecified structural feature sets
rh_medialorbitofrontal_FD,ROI FD predictor,prespecified structural feature sets
rh_middletemporal_FD,ROI FD predictor,prespecified structural feature sets
rh_parahippocampal_FD,ROI FD predictor,prespecified structural feature sets
rh_paracentral_FD,ROI FD predictor,prespecified structural feature sets
rh_parsopercularis_FD,ROI FD predictor,prespecified structural feature sets
rh_parsorbitalis_FD,ROI FD predictor,prespecified structural feature sets
rh_parstriangularis_FD,ROI FD predictor,prespecified structural feature sets
rh_pericalcarine_FD,ROI FD predictor,prespecified structural feature sets
rh_postcentral_FD,ROI FD predictor,prespecified structural feature sets
rh_posteriorcingulate_FD,ROI FD predictor,prespecified structural feature sets
rh_precentral_FD,ROI FD predictor,prespecified structural feature sets
rh_precuneus_FD,ROI FD predictor,prespecified structural feature sets
rh_rostralanteriorcingulate_FD,ROI FD predictor,prespecified structural feature sets
rh_rostralmiddlefrontal_FD,ROI FD predictor,prespecified structural feature sets
rh_superiorfrontal_FD,ROI FD predictor,prespecified structural feature sets
rh_superiorparietal_FD,ROI FD predictor,prespecified structural feature sets
rh_superiortemporal_FD,ROI FD predictor,prespecified structural feature sets
rh_supramarginal_FD,ROI FD predictor,prespecified structural feature sets
rh_frontalpole_FD,ROI FD predictor,prespecified structural feature sets
rh_temporalpole_FD,ROI FD predictor,prespecified structural feature sets
rh_transversetemporal_FD,ROI FD predictor,prespecified structural feature sets
rh_insula_FD,ROI FD predictor,prespecified structural feature sets
